{
    "value0": {
        "mPos": {
            "value0": 0.08445441722869873,
            "value1": 1.4951684474945069,
            "value2": 4.4437642097473148,
            "value3": 1.0
        },
        "mTgt": {
            "value0": 0.7848465442657471,
            "value1": 0.9432544112205505,
            "value2": -0.20721465349197389,
            "value3": 1.0
        },
        "mUp": {
            "value0": -0.035205770283937457,
            "value1": 0.9917828440666199,
            "value2": -0.12299276143312454,
            "value3": 0.0
        },
        "mFovY": 0.7853981852531433,
        "mAspect": 1.3333333730697632,
        "mNearZ": 0.0010000000474974514,
        "mFarZ": 1000.0
    }
}