{
    "value0": {
        "mPos": {
            "value0": 0.5179099440574646,
            "value1": 3.3155367374420168,
            "value2": 6.746471405029297,
            "value3": 1.0
        },
        "mTgt": {
            "value0": 1.1581624746322632,
            "value1": 1.5347275733947755,
            "value2": -0.048410553485155109,
            "value3": 1.0
        },
        "mUp": {
            "value0": -0.030209284275770189,
            "value1": 0.9661874771118164,
            "value2": -0.2560652792453766,
            "value3": 0.0
        },
        "mFovY": 0.7853981852531433,
        "mAspect": 1.3333333730697632,
        "mNearZ": 0.0010000000474974514,
        "mFarZ": 1000.0
    }
}