{
    "value0": {
        "mPos": {
            "value0": {
                "value0": 3.4074480533599855,
                "value1": 3.031662940979004,
                "value2": 4.408147811889648,
                "value3": 1.292768955230713
            }
        },
        "mTgt": {
            "value0": {
                "value0": 0.015403547324240208,
                "value1": 0.3927687406539917,
                "value2": -0.007701774127781391,
                "value3": 1.292768955230713
            }
        },
        "mUp": {
            "value0": {
                "value0": -0.2916055917739868,
                "value1": 0.9029696583747864,
                "value2": -0.3156135678291321,
                "value3": 0.0
            }
        },
        "mFovY": 0.7853981852531433,
        "mAspect": 1.3333333730697632,
        "mNearZ": 0.0010000000474974514,
        "mFarZ": 1000.0
    }
}