{
    "value0": {
        "mPos": {
            "value0": {
                "value0": 0.5,
                "value1": 0.10000000149011612,
                "value2": 1.0,
                "value3": 1.0
            }
        },
        "mTgt": {
            "value0": {
                "value0": 0.0,
                "value1": 0.10000000149011612,
                "value2": 0.0,
                "value3": 1.0
            }
        },
        "mUp": {
            "value0": {
                "value0": 0.0,
                "value1": 1.0,
                "value2": 0.0,
                "value3": 1.0
            }
        },
        "mFovY": 0.7853981852531433,
        "mAspect": 1.3333333730697632,
        "mNearZ": 0.0010000000474974514,
        "mFarZ": 1000.0
    }
}