{
    "value0": {
        "mPos": {
            "value0": {
                "value0": 3.2245917320251467,
                "value1": 2.2721428871154787,
                "value2": 4.033515930175781,
                "value3": 2.0017788410186769
            }
        },
        "mTgt": {
            "value0": {
                "value0": 0.10374948382377625,
                "value1": 1.1017787456512452,
                "value2": -0.05187475308775902,
                "value3": 2.0017788410186769
            }
        },
        "mUp": {
            "value0": {
                "value0": -0.1610146313905716,
                "value1": 0.9745171666145325,
                "value2": -0.1561756730079651,
                "value3": 0.0
            }
        },
        "mFovY": 0.7853981852531433,
        "mAspect": 1.3333333730697632,
        "mNearZ": 0.0010000000474974514,
        "mFarZ": 1000.0
    }
}