{
    "value0": {
        "mPos": {
            "value0": 1.834930181503296,
            "value1": 1.8814177513122559,
            "value2": 7.383915901184082,
            "value3": 1.0
        },
        "mTgt": {
            "value0": 1.5239577293395997,
            "value1": 1.421053409576416,
            "value2": -0.13874487578868867,
            "value3": 1.0
        },
        "mUp": {
            "value0": -0.0014139240374788643,
            "value1": 0.9981354475021362,
            "value2": -0.06102444976568222,
            "value3": 0.0
        },
        "mFovY": 0.7853981852531433,
        "mAspect": 1.3333333730697632,
        "mNearZ": 0.0010000000474974514,
        "mFarZ": 1000.0
    }
}