{
    "value0": {
        "mPointLights": {
            "value0": {
                "pos": {
                    "value0": 0.0,
                    "value1": 0.0,
                    "value2": 1.0,
                    "value3": 1.0
                },
                "clr": {
                    "value0": 1.0,
                    "value1": 1.0,
                    "value2": 1.0,
                    "value3": 1.0
                },
                "enabled": true
            },
            "value1": {
                "pos": {
                    "value0": 0.0,
                    "value1": 1.0,
                    "value2": -1.0,
                    "value3": 1.0
                },
                "clr": {
                    "value0": 1.0,
                    "value1": 1.0,
                    "value2": 1.0,
                    "value3": 1.0
                },
                "enabled": true
            },
            "value2": {
                "pos": {
                    "value0": 0.0,
                    "value1": 3.0,
                    "value2": 0.0,
                    "value3": 1.0
                },
                "clr": {
                    "value0": 1.0,
                    "value1": 1.0,
                    "value2": 1.0,
                    "value3": 1.0
                },
                "enabled": true
            },
            "value3": {
                "pos": {
                    "value0": 0.0,
                    "value1": 0.0,
                    "value2": 0.0,
                    "value3": 0.0
                },
                "clr": {
                    "value0": 0.0,
                    "value1": 0.0,
                    "value2": 0.0,
                    "value3": 0.0
                },
                "enabled": false
            }
        },
        "mSH": {
            "mR": {
                "mSH": {
                    "value0": 1.4311553239822388,
                    "value1": -1.1200312376022339,
                    "value2": 0.4842478632926941,
                    "value3": 0.2714133858680725,
                    "value4": -0.2891039252281189,
                    "value5": -0.5796363353729248,
                    "value6": -0.3679475486278534,
                    "value7": 0.16639560461044312,
                    "value8": -0.7826018929481506
                }
            },
            "mG": {
                "mSH": {
                    "value0": 1.4695711135864258,
                    "value1": -1.2203395366668702,
                    "value2": 0.4916711151599884,
                    "value3": 0.2861412763595581,
                    "value4": -0.3137564957141876,
                    "value5": -0.5892338156700134,
                    "value6": -0.38483285903930666,
                    "value7": 0.1729036271572113,
                    "value8": -0.8254278898239136
                }
            },
            "mB": {
                "mSH": {
                    "value0": 1.541804313659668,
                    "value1": -1.4233723878860474,
                    "value2": 0.5212343335151672,
                    "value3": 0.29771363735198977,
                    "value4": -0.3570209741592407,
                    "value5": -0.6022301912307739,
                    "value6": -0.4434302747249603,
                    "value7": 0.19318416714668275,
                    "value8": -0.9470825791358948
                }
            }
        }
    }
}