{
    "value0": {
        "entityIds": [
            0,
            1,
            2
        ],
        "paramsOrder": [
            304049688,
            1188088766,
            3773953081
        ],
        "id_304049688": {
            "paramList": [
                {
                    "key": 0,
                    "value": {
                        "xform": {
                            "pos": {
                                "value0": 0.0,
                                "value1": 0.0,
                                "value2": 0.0,
                                "value3": 1.0
                            },
                            "quat": {
                                "value0": -0.0,
                                "value1": 0.0,
                                "value2": -0.0,
                                "value3": 1.0
                            },
                            "scl": {
                                "value0": 1.0,
                                "value1": 1.0,
                                "value2": 1.0,
                                "value3": 0.0
                            }
                        }
                    }
                },
                {
                    "key": 1,
                    "value": {
                        "xform": {
                            "pos": {
                                "value0": 1.0,
                                "value1": 0.0,
                                "value2": 0.0,
                                "value3": 1.0
                            },
                            "quat": {
                                "value0": 0.0,
                                "value1": 0.0,
                                "value2": 0.0,
                                "value3": 1.0
                            },
                            "scl": {
                                "value0": 0.009999999776482582,
                                "value1": 0.009999999776482582,
                                "value2": 0.009999999776482582,
                                "value3": 0.0
                            }
                        }
                    }
                },
                {
                    "key": 2,
                    "value": {
                        "xform": {
                            "pos": {
                                "value0": 2.0,
                                "value1": 0.0,
                                "value2": 0.0,
                                "value3": 1.0
                            },
                            "quat": {
                                "value0": -0.0,
                                "value1": 0.0,
                                "value2": -0.0,
                                "value3": 1.0
                            },
                            "scl": {
                                "value0": 1.0,
                                "value1": 1.0,
                                "value2": 1.0,
                                "value3": 0.0
                            }
                        }
                    }
                }
            ],
            "entityList": [
                {
                    "key": 0,
                    "value": 0
                },
                {
                    "key": 1,
                    "value": 1
                },
                {
                    "key": 2,
                    "value": 2
                }
            ]
        },
        "id_1188088766": {
            "paramList": [
                {
                    "key": 0,
                    "value": {
                        "modelPath": {
                            "value0": "lightning\\lightning.geo"
                        },
                        "materialPath": {
                            "value0": "lightning\\lightning.mtl"
                        },
                        "xform": {
                            "value0": {
                                "value0": 1.0,
                                "value1": 0.0,
                                "value2": 0.0,
                                "value3": 0.0,
                                "value4": 0.0,
                                "value5": 1.0,
                                "value6": 0.0,
                                "value7": 0.0,
                                "value8": 0.0,
                                "value9": 0.0,
                                "value10": 1.0,
                                "value11": 0.0,
                                "value12": 0.0,
                                "value13": 0.0,
                                "value14": 0.0,
                                "value15": 1.0
                            }
                        }
                    }
                },
                {
                    "key": 1,
                    "value": {
                        "modelPath": {
                            "value0": "owl\\def.geo"
                        },
                        "materialPath": {
                            "value0": "owl\\lightning.mtl"
                        },
                        "xform": {
                            "value0": {
                                "value0": 1.0,
                                "value1": 0.0,
                                "value2": 0.0,
                                "value3": 0.0,
                                "value4": 0.0,
                                "value5": 1.0,
                                "value6": 0.0,
                                "value7": 0.0,
                                "value8": 0.0,
                                "value9": 0.0,
                                "value10": 1.0,
                                "value11": 0.0,
                                "value12": 0.0,
                                "value13": 0.0,
                                "value14": 0.0,
                                "value15": 1.0
                            }
                        }
                    }
                }
            ],
            "entityList": [
                {
                    "key": 0,
                    "value": 0
                },
                {
                    "key": 1,
                    "value": 1
                }
            ]
        },
        "id_3773953081": {
            "paramList": [
                {
                    "key": 0,
                    "value": {
                        "modelPath": {
                            "value0": "unreal_puppet/SideScrollerSkeletalMesh.FBX"
                        },
                        "materialPath": {
                            "value0": "unreal_puppet/def.mtl"
                        },
                        "xform": {
                            "value0": {
                                "value0": 0.009999999776482582,
                                "value1": 0.0,
                                "value2": 0.0,
                                "value3": 0.0,
                                "value4": 0.0,
                                "value5": -1.19209286886246e-9,
                                "value6": -0.009999998845160008,
                                "value7": 0.0,
                                "value8": 0.0,
                                "value9": 0.009999998845160008,
                                "value10": -1.19209286886246e-9,
                                "value11": 0.0,
                                "value12": 0.0,
                                "value13": 0.0,
                                "value14": 0.0,
                                "value15": 1.0
                            }
                        }
                    }
                }
            ],
            "entityList": [
                {
                    "key": 2,
                    "value": 0
                }
            ]
        }
    }
}