{
    "value0": {
        "entityIds": [
            0,
            1,
            2
        ],
        "paramsOrder": [
            304049688,
            1188088766,
            2872077420,
            3838159947
        ],
        "id_304049688": {
            "paramList": [
                {
                    "key": 0,
                    "value": {
                        "xform": {
                            "pos": {
                                "value0": 0.0,
                                "value1": 0.0,
                                "value2": 0.0,
                                "value3": 1.0
                            },
                            "quat": {
                                "value0": -0.0,
                                "value1": 0.0,
                                "value2": -0.0,
                                "value3": 1.0
                            },
                            "scl": {
                                "value0": 1.0,
                                "value1": 1.0,
                                "value2": 1.0,
                                "value3": 0.0
                            }
                        }
                    }
                },
                {
                    "key": 1,
                    "value": {
                        "xform": {
                            "pos": {
                                "value0": 1.0,
                                "value1": 0.0,
                                "value2": 0.0,
                                "value3": 1.0
                            },
                            "quat": {
                                "value0": 0.0,
                                "value1": 0.0,
                                "value2": 0.0,
                                "value3": 1.0
                            },
                            "scl": {
                                "value0": 0.009999999776482582,
                                "value1": 0.009999999776482582,
                                "value2": 0.009999999776482582,
                                "value3": 0.0
                            }
                        }
                    }
                },
                {
                    "key": 2,
                    "value": {
                        "xform": {
                            "pos": {
                                "value0": 0.4454041123390198,
                                "value1": 6.153835840905231e-8,
                                "value2": 0.6055028438568115,
                                "value3": 1.0
                            },
                            "quat": {
                                "value0": -0.0,
                                "value1": 0.0,
                                "value2": -0.0,
                                "value3": 1.0
                            },
                            "scl": {
                                "value0": 0.019999999552965165,
                                "value1": 0.019999999552965165,
                                "value2": 0.019999999552965165,
                                "value3": 0.0
                            }
                        }
                    }
                }
            ],
            "entityList": [
                {
                    "key": 0,
                    "value": 0
                },
                {
                    "key": 1,
                    "value": 1
                },
                {
                    "key": 2,
                    "value": 2
                }
            ]
        },
        "id_1188088766": {
            "paramList": [
                {
                    "key": 0,
                    "value": {
                        "modelPath": {
                            "value0": "lightning\\lightning.geo"
                        },
                        "materialPath": {
                            "value0": "lightning\\lightning.mtl"
                        }
                    }
                },
                {
                    "key": 1,
                    "value": {
                        "modelPath": {
                            "value0": "owl\\def.geo"
                        },
                        "materialPath": {
                            "value0": "owl\\lightning.mtl"
                        }
                    }
                }
            ],
            "entityList": [
                {
                    "key": 0,
                    "value": 0
                },
                {
                    "key": 1,
                    "value": 1
                }
            ]
        },
        "id_2872077420": {
            "paramList": [
                {
                    "key": 0,
                    "value": {
                        "modelPath": {
                            "value0": "owl/def.geo"
                        },
                        "materialPath": {
                            "value0": "owl/def.mtl"
                        },
                        "rigPath": {
                            "value0": "owl/def.rig"
                        }
                    }
                }
            ],
            "entityList": [
                {
                    "key": 2,
                    "value": 0
                }
            ]
        },
        "id_3838159947": {
            "paramList": [
                {
                    "key": 0,
                    "value": {
                        "animRootPath": {
                            "value0": "owl"
                        },
                        "animListName": {
                            "value0": "def.alist"
                        },
                        "curAnim": 1,
                        "speed": 1.0
                    }
                }
            ],
            "entityList": [
                {
                    "key": 2,
                    "value": 0
                }
            ]
        }
    }
}